"","cluster","samples","dead","live_weight","dead_weight","ratio","precision","recall","final_score","rscore"
"1","2",137,7,204.799679487179,7.74901445466491,0.0510948905109489,0.0330500972284225,0.2,0.0567261676720583,0.395935045128864
"2","1",74,6,138.355769230769,13.323258869908,0.0810810810810811,0.0415639778858323,0.171428571428571,0.066906127700638,1.08026423269524
"3","3",28,22,4.90064102564103,19.5085413929041,0.785714285714286,0.817824377457405,0.628571428571429,0.710816548438875,15.3281396658532
