"","cluster","samples","dead","live_weight","dead_weight","ratio","precision","recall","final_score","rscore"
"1","2",104,7,178.50641025641,7.71222076215506,0.0673076923076923,0.037734545077577,0.2,0.0634902177388878,0.519091782068129
"2","3",108,11,163.798076923077,22.5637319316689,0.101851851851852,0.0629297541118873,0.314285714285714,0.10486273431413,2.29815788192924
"3","1",27,17,5.75160256410256,10.3048620236531,0.62962962962963,0.747200112699866,0.485714285714286,0.588728251519272,6.48824645933713
