"","samples","dead","live_weight","dead_weight","ratio","final_score","rscore"
"cl2",198,17,365.673617407072,31.8611859838275,0.0858585858585859,-348.673617407072,2.73555637234882
"cl1",41,0.01,83.8368087035358,0.01,0.00024390243902439,-83.8268087035358,2.4390243902439e-06
"cl3",28,21,3.02991840435177,14.8450134770889,0.75,17.9700815956482,11.1337601078167
