"","cluster","samples","dead","live_weight","dead_weight","ratio","precision","recall","final_score","rscore"
"1","3",71,0.01,122.491987179487,0.01,0.000140845070422535,8.16313288481453e-05,0.000285714285714286,0.000126982524844009,1.40845070422535e-06
"2","1",141,14,222.886217948718,28.1563731931669,0.099290780141844,0.0591001035063626,0.4,0.102984256470408,2.79566826031444
"3","2",27,21,2.67788461538462,12.4244415243101,0.777777777777778,0.886903553299492,0.6,0.715772224498156,9.66345451890787
