"","cluster","samples","dead","live_weight","dead_weight","ratio","precision","recall","final_score","rscore"
"1","3",4,1,2.64102564102564,1.49277266754271,0.25,0.274647887323944,0.0285714285714286,0.0517584605175846,0.373193166885677
"2","2",129,18,185.907051282051,19.6517739816032,0.13953488372093,0.0882755151762838,0.514285714285714,0.150686217953018,2.742107997433
"3","1",106,16,159.508012820513,19.4362680683311,0.150943396226415,0.0911639288877526,0.457142857142857,0.152013215892568,2.93377631220093
