"","cluster","samples","dead","live_weight","dead_weight","ratio","precision","recall","final_score","rscore"
"1","2",114,6,180.653846153846,10.1826544021025,0.0526315789473684,0.0321450649083041,0.171428571428571,0.0541384695471109,0.535929179058026
"2","3",90,8,140.847756410256,15.0880420499343,0.0888888888888889,0.0537461913631421,0.228571428571429,0.0870285300860348,1.34115929332749
"3","1",35,21,26.5544871794872,15.3101182654402,0.6,0.441598705937858,0.6,0.508754901580153,9.18607095926412
