"","cluster","samples","dead","live_weight","dead_weight","ratio","precision","recall","final_score","rscore"
"1","1",30,2,47.6410256410256,5.49408672798949,0.0666666666666667,0.0402892561983471,0.0571428571428571,0.0472584065434717,0.366272448532633
"2","2",127,14,206.05608974359,12.6399474375821,0.110236220472441,0.0636201434657539,0.4,0.109779774433728,1.39338003248937
"3","3",82,19,94.3589743589744,22.4467805519054,0.231707317073171,0.167609138204026,0.542857142857143,0.256135499481507,5.20108329861222
