"","cluster","samples","dead","live_weight","dead_weight","ratio","precision","recall","final_score","rscore"
"1","2",86,5,144.049679487179,8.15374507227332,0.0581395348837209,0.0335458621394089,0.142857142857143,0.0543331562861895,0.474054946062403
"2","1",129,11,199.44391025641,16.8896189224704,0.0852713178294574,0.0522704600318314,0.314285714285714,0.0896335133229301,1.44020006315639
"3","3",24,19,4.5625,15.5374507227332,0.791666666666667,0.806366047745358,0.542857142857143,0.648879402347919,12.3004818221638
