"","cluster","samples","dead","live_weight","dead_weight","ratio","precision","recall","final_score","rscore"
"1","2",99,7,163.522435897436,9.20236530880421,0.0707070707070707,0.0410503167114636,0.2,0.0681190836361368,0.650672294561914
"2","1",110,10,169.974358974359,21.9448094612352,0.0909090909090909,0.0555634705798547,0.285714285714286,0.0930343511450382,1.99498267829411
"3","3",30,18,14.5592948717949,9.43363994743758,0.6,0.552837525225181,0.514285714285714,0.532865241834096,5.66018396846255
