"","cluster","samples","dead","live_weight","dead_weight","ratio","precision","recall","final_score","rscore"
"1","2",101,7,152.405448717949,5.75821287779238,0.0693069306930693,0.0439131789803858,0.2,0.0720144424568663,0.399084060837096
"2","1",113,12,187.354166666667,14.4323258869908,0.106194690265487,0.0601943776779183,0.342857142857143,0.102409103031381,1.53263637737955
"3","3",25,16,8.29647435897436,20.3902759526938,0.64,0.658531759118792,0.457142857142857,0.539661090240804,13.049776609724
