"","samples","dead","live_weight","dead_weight","ratio","final_score","rscore"
"cl1",33,1,63.4143245693563,1.53099730458221,0.0303030303030303,-62.4143245693563,0.0463938577146124
"cl3",206,15,387.120580235721,30.1428571428571,0.0728155339805825,-372.120580235721,2.19486823855756
"cl2",28,22,2.00543970988214,15.0323450134771,0.785714285714286,19.9945602901179,11.8111282248749
