"","cluster","samples","dead","live_weight","dead_weight","ratio","precision","recall","final_score","rscore"
"1","2",64,4,106.660256410256,4.72536136662286,0.0625,0.0361466720732202,0.114285714285714,0.0549223253971747,0.295335085413929
"2","1",149,11,237.270833333333,20.8699080157687,0.0738255033557047,0.0443064529663506,0.314285714285714,0.0776641906302861,1.54073146425138
"3","3",26,20,4.125,14.9855453350854,0.769230769230769,0.829015544041451,0.571428571428571,0.676532769556025,11.5273425654503
