"","sect1","sect2","sect3","sect4","sect5","fisher_pval"
"cl1_raw",8696,36280,202645,63410,38843,0.0035996400359964
"cl1_opt",5,2,16,7,7,0.0035996400359964
"cl2_raw",4808,18636,255155,53474,17801,0.0330966903309669
"cl2_opt",1,3,20,8,5,0.0330966903309669
"cl3_raw",2621,24545,278467,38927,5314,0.225977402259774
"cl3_opt",1,4,26,6,0,0.225977402259774
