"","cluster","samples","dead","live_weight","dead_weight","ratio","precision","recall","final_score","rscore"
"1","3",14,2,14.9919871794872,1.2969776609724,0.142857142857143,0.117702537017825,0.0571428571428571,0.0769349320346454,0.185282522996058
"2","2",160,17,259.141025641026,22.3285151116951,0.10625,0.0615627466456196,0.485714285714286,0.109275207054267,2.37240473061761
"3","1",65,16,73.9230769230769,16.9553219448095,0.246153846153846,0.177929854576561,0.457142857142857,0.25615763546798,4.17361770949156
