"","cluster","samples","dead","live_weight","dead_weight","ratio","precision","recall","final_score","rscore"
"1","2",17,3,28.5705128205128,1.6557161629435,0.176470588235294,0.0950253807106599,0.0857142857142857,0.0901299951853635,0.292185205225323
"2","1",112,14,151.123397435897,15.4204993429698,0.125,0.0847850772052758,0.4,0.139913675056255,1.92756241787122
"3","3",110,18,168.362179487179,23.5045992115637,0.163636363636364,0.096586120904635,0.514285714285714,0.162629407080287,3.84620714371043
