"","samples","dead","live_weight","dead_weight","ratio","final_score","rscore"
"cl2",198,14,378.427923844062,28.588948787062,0.0707070707070707,-364.427923844062,2.02144082332762
"cl1",39,1,71.6246600181324,0.584905660377358,0.0256410256410256,-70.6246600181324,0.0149975810353169
"cl3",30,23,2.48776065276519,17.5323450134771,0.766666666666667,20.5122393472348,13.4414645103324
