"","samples","dead","live_weight","dead_weight","ratio","final_score","rscore"
"cl3",56,3,108.126926563917,2.81536388140162,0.0535714285714286,-105.126926563917,0.150823065075087
"cl2",184,14,342.792384406165,27.5013477088949,0.0760869565217391,-328.792384406165,2.09249384741591
"cl1",27,21,1.62103354487761,16.3894878706199,0.777777777777778,19.3789664551224,12.7473794549266
