"","cluster","samples","dead","live_weight","dead_weight","ratio","precision","recall","final_score","rscore"
"1","2",124,5,196.575320512821,5.78712220762155,0.0403225806451613,0.0248046238362895,0.142857142857143,0.0422698360011651,0.233351701920224
"2","1",90,15,143.657051282051,17.473061760841,0.166666666666667,0.0945435445748571,0.428571428571429,0.154913026927724,2.91217696014017
"3","3",25,15,7.82371794871795,17.3206307490145,0.6,0.657211065861536,0.428571428571429,0.518818247325536,10.3923784494087
