"","cluster","samples","dead","live_weight","dead_weight","ratio","precision","recall","final_score","rscore"
"1","3",53,7,84.1730769230769,11.9448094612352,0.132075471698113,0.0767770512550095,0.2,0.110958695320835,1.57761634393673
"2","2",61,13,79.2692307692308,10.2194480946124,0.213114754098361,0.140892038349312,0.371428571428571,0.204291326684799,2.17791516770427
"3","1",125,15,184.613782051282,18.4165571616294,0.12,0.0751451119549772,0.428571428571429,0.127869725886106,2.20998685939553
