"","cluster","samples","dead","live_weight","dead_weight","ratio","precision","recall","final_score","rscore"
"1","1",108,5,170.570512820513,5.36662286465177,0.0462962962962963,0.0284785862937676,0.142857142857143,0.0474900301379037,0.248454762252397
"2","2",102,10,170.033653846154,11.5361366622865,0.0980392156862745,0.0555451705076508,0.285714285714286,0.0930086972075033,1.13099379042024
"3","3",29,20,7.45192307692308,23.6780551905388,0.689655172413793,0.728546409807356,0.571428571428571,0.640492686682063,16.3296932348543
