"","samples","dead","live_weight","dead_weight","ratio","final_score","rscore"
"cl1",41,0.01,80.8250226654578,0.01,0.00024390243902439,-80.8150226654578,2.4390243902439e-06
"cl3",200,18,368.843155031732,32.3935309973046,0.09,-350.843155031732,2.91541778975741
"cl2",26,20,2.87216681776972,14.3126684636119,0.769230769230769,17.1278331822303,11.0097449720091
