"","cluster","samples","dead","live_weight","dead_weight","ratio","precision","recall","final_score","rscore"
"1","2",91,6,155.774038461538,5.7161629434954,0.0659340659340659,0.0370887693542156,0.171428571428571,0.0609836546214176,0.37688986440629
"2","1",123,14,177.935897435897,23.9027595269382,0.113821138211382,0.0729410193039877,0.4,0.123382859725439,2.72063929574907
"3","3",25,15,14.3461538461538,10.9618922470434,0.6,0.511140235910878,0.428571428571429,0.466228332337119,6.57713534822602
