"","cluster","samples","dead","live_weight","dead_weight","ratio","precision","recall","final_score","rscore"
"1","2",66,3,111.620192307692,4.10643889618922,0.0454545454545455,0.0261733987668302,0.0857142857142857,0.0401015391536262,0.186656313463147
"2","3",144,10,229.591346153846,18.1852825229961,0.0694444444444444,0.041737734523929,0.285714285714286,0.0728355073098135,1.26286684187473
"3","1",29,22,6.84455128205128,18.2890932982917,0.758620689655172,0.762709039391077,0.628571428571429,0.68917392504832,13.8744845711179
