"","cluster","samples","dead","live_weight","dead_weight","ratio","precision","recall","final_score","rscore"
"1","2",154,9,246.730769230769,12.7227332457293,0.0584415584415584,0.0351932621446834,0.257142857142857,0.0619129514486043,0.743536358516648
"2","3",56,7,88.0657051282051,12.0197109067017,0.125,0.0736332833229379,0.2,0.107637904905065,1.50246386333771
"3","1",29,19,13.2596153846154,15.838370565046,0.655172413793103,0.588971684053651,0.542857142857143,0.564974982130093,10.3768634736508
