"","cluster","samples","dead","live_weight","dead_weight","ratio","precision","recall","final_score","rscore"
"1","2",28,1,53.1266025641026,0.450722733245729,0.0357142857142857,0.0184752035529238,0.0285714285714286,0.0224399892115436,0.0160972404730618
"2","3",101,11,156.982371794872,17.2654402102497,0.108910891089109,0.0654830616002519,0.314285714285714,0.108383796117195,1.88039447834402
"3","1",110,23,137.947115384615,22.8646517739816,0.209090909090909,0.142904083400544,0.657142857142857,0.234757219618716,4.78079082546888
