"","samples","dead","live_weight","dead_weight","ratio","final_score","rscore"
"cl3",60,2,101.205802357208,1.50943396226415,0.0333333333333333,-99.2058023572076,0.050314465408805
"cl2",189,22,350.293744333636,36.2371967654987,0.116402116402116,-328.293744333636,4.21808639598397
"cl1",18,14,1.04079782411605,8.95956873315364,0.777777777777778,12.959202175884,6.9685534591195
