"","cluster","samples","dead","live_weight","dead_weight","ratio","precision","recall","final_score","rscore"
"1","3",45,5,67.1522435897436,5.06438896189225,0.111111111111111,0.069297914399307,0.142857142857143,0.0933251574114233,0.562709884654694
"2","2",88,12,137.025641025641,15.2286465177398,0.136363636363636,0.0805230557467309,0.342857142857143,0.13041660861084,2.07663361605543
"3","1",106,18,143.878205128205,20.2877792378449,0.169811320754717,0.111194709539461,0.514285714285714,0.182854165988344,3.44509458755857
