"","samples","dead","live_weight","dead_weight","ratio","final_score","rscore"
"cl2",201,15,373.408884859474,26.8840970350404,0.0746268656716418,-358.408884859474,2.00627589813735
"cl1",41,8,65.2239347234814,7.61320754716981,0.195121951219512,-57.2239347234814,1.48550391164289
"cl3",25,15,13.9075249320036,12.2088948787062,0.6,1.09247506799637,7.32533692722372
