"","cluster","samples","dead","live_weight","dead_weight","ratio","precision","recall","final_score","rscore"
"1","3",138,10,224.94391025641,13.3626806833114,0.072463768115942,0.0425633504996419,0.285714285714286,0.0740894654041379,0.968310194442857
"2","2",60,6,93.0913461538462,11.6806833114323,0.1,0.060550191645238,0.171428571428571,0.0894912337313112,1.16806833114323
"3","1",41,19,30.0208333333333,15.5374507227332,0.463414634146341,0.387590310242244,0.542857142857143,0.452268782544012,7.20028204224224
