"","samples","dead","live_weight","dead_weight","ratio","final_score","rscore"
"cl2",195,16,371.160471441523,31.4177897574124,0.0820512820512821,-355.160471441523,2.57786992881333
"cl3",43,1,76.9519492293744,0.443396226415094,0.0232558139534884,-75.9519492293744,0.0103115401491882
"cl1",29,21,4.42792384406165,14.8450134770889,0.724137931034483,16.5720761559384,10.7498373454782
