"","samples","dead","live_weight","dead_weight","ratio","final_score","rscore"
"cl2",199,19,361.057116953762,34.1644204851752,0.0954773869346734,-342.057116953762,3.26192959406195
"cl3",43,0.01,88.611060743427,0.01,0.000232558139534884,-88.601060743427,2.32558139534884e-06
"cl1",25,19,2.87216681776972,12.5417789757412,0.76,16.1278331822303,9.53175202156334
