"","samples","dead","live_weight","dead_weight","ratio","final_score","rscore"
"cl1",32,0.01,59.7479601087942,0.01,0.0003125,-59.7379601087942,3.125e-06
"cl2",209,18,389.920217588395,32.3935309973046,0.0861244019138756,-371.920217588395,2.78987348302145
"cl3",26,20,2.87216681776972,14.3126684636119,0.769230769230769,17.1278331822303,11.0097449720091
