"","cluster","samples","dead","live_weight","dead_weight","ratio","precision","recall","final_score","rscore"
"1","3",156,10,250.8125,13.3626806833114,0.0641025641025641,0.0383417205847112,0.285714285714286,0.0676103950982464,0.856582095084066
"2","2",56,6,89.9134615384615,11.6806833114323,0.107142857142857,0.0625563909774436,0.171428571428571,0.0916636063165626,1.25150178336775
"3","1",27,19,7.33012820512821,15.5374507227332,0.703703703703704,0.721606816798539,0.542857142857143,0.619597596028221,10.9337616197012
