"","cluster","samples","dead","live_weight","dead_weight","ratio","precision","recall","final_score","rscore"
"1","3",19,0.01,35.3717948717949,0.01,0.000526315789473684,0.000282631224228018,0.000285714285714286,0.000284164392744336,5.26315789473684e-06
"2","1",194,16,308.910256410256,29.107752956636,0.0824742268041237,0.049244367280906,0.457142857142857,0.0889110533252592,2.400639419104
"3","2",26,19,3.77403846153846,11.473061760841,0.730769230769231,0.834283301667722,0.542857142857143,0.65773487559291,8.38416051753765
