"","cluster","samples","dead","live_weight","dead_weight","ratio","precision","recall","final_score","rscore"
"1","1",133,8,212.461538461538,11.2181340341656,0.0601503759398496,0.0362875087229588,0.228571428571429,0.0626317374284854,0.674774979498681
"2","3",78,8,129.588141025641,18.0105124835742,0.102564102564103,0.0581445460369227,0.228571428571429,0.0927062537722271,1.84723204959736
"3","2",28,19,6.00641025641026,11.3521681997372,0.678571428571429,0.759805178159446,0.542857142857143,0.633265676743938,7.70325699267881
