"","samples","dead","live_weight","dead_weight","ratio","final_score","rscore"
"cl2",181,16,336.072529465095,29.3517520215633,0.0883977900552486,-320.072529465095,2.59463001295588
"cl3",58,0.01,114.250226654578,0.01,0.000172413793103448,-114.240226654578,1.72413793103448e-06
"cl1",28,22,2.21758839528558,17.3544474393531,0.785714285714286,19.7824116047144,13.6356372737774
