"","cluster","samples","dead","live_weight","dead_weight","ratio","precision","recall","final_score","rscore"
"1","1",125,5,214.538461538462,7.37056504599212,0.04,0.0227750525578136,0.142857142857143,0.0392867935932306,0.294822601839685
"2","3",88,10,130.839743589744,21.2181340341656,0.113636363636364,0.0710026853579719,0.285714285714286,0.113739929277095,2.41115159479154
"3","2",26,20,2.67788461538462,11.9921156373193,0.769230769230769,0.881916472334111,0.571428571428571,0.693506710010836,9.22470433639948
