"","samples","dead","live_weight","dead_weight","ratio","final_score","rscore"
"cl3",36,0.01,74.3753399818676,0.01,0.000277777777777778,-74.3653399818676,2.77777777777778e-06
"cl1",203,17,375.13508612874,31.8611859838275,0.083743842364532,-358.13508612874,2.66817813657669
"cl2",28,21,3.02991840435177,14.8450134770889,0.75,17.9700815956482,11.1337601078167
