"","samples","dead","live_weight","dead_weight","ratio","final_score","rscore"
"cl2",48,1,92.883046237534,0.804582210242588,0.0208333333333333,-91.883046237534,0.0167621293800539
"cl1",193,17,357.209428830462,31.7371967654987,0.0880829015544041,-340.209428830462,2.79550437830817
"cl3",26,20,2.44786944696283,14.1644204851752,0.769230769230769,17.5521305530372,10.8957080655194
