"","cluster","samples","dead","live_weight","dead_weight","ratio","precision","recall","final_score","rscore"
"1","1",56,2,100.778846153846,4.2969776609724,0.0357142857142857,0.0194592571802788,0.0571428571428571,0.0290320329401912,0.153463487891872
"2","3",159,14,245.317307692308,24.8107752956636,0.0880503144654088,0.0539879120471653,0.4,0.0951354176876082,2.18459656691378
"3","2",24,19,1.9599358974359,11.473061760841,0.791666666666667,0.906491321966511,0.542857142857143,0.679057246771099,9.08284056066579
