"","cluster","samples","dead","live_weight","dead_weight","ratio","precision","recall","final_score","rscore"
"1","1",143,7,235.036858974359,9.58475689881735,0.048951048951049,0.0289212148499315,0.2,0.0505347918390013,0.469183904137912
"2","2",70,9,105.910256410256,14.1839684625493,0.128571428571429,0.0783219904049983,0.257142857142857,0.120071837851706,1.82365308804205
"3","3",26,19,7.10897435897436,16.8120893561104,0.730769230769231,0.727719125951387,0.542857142857143,0.621839924472884,12.2857576063884
