"","samples","dead","live_weight","dead_weight","ratio","final_score","rscore"
"cl1",28,0.01,64.8395285584769,0.01,0.000357142857142857,-64.8295285584769,3.57142857142857e-06
"cl3",211,17,384.828649138713,31.7371967654987,0.0805687203791469,-367.828649138713,2.55702533181743
"cl2",28,21,2.87216681776972,14.9690026954178,0.75,18.1278331822303,11.2267520215633
