"","cluster","samples","dead","live_weight","dead_weight","ratio","precision","recall","final_score","rscore"
"1","2",61,5,94.2035256410256,8.15374507227332,0.0819672131147541,0.0504014345023666,0.142857142857143,0.0745136906965358,0.668339760022404
"2","1",149,11,241.040064102564,13.8817345597898,0.0738255033557047,0.0436438549528527,0.314285714285714,0.0766443530062028,1.02482604132676
"3","3",29,19,12.8125,18.5453350854139,0.655172413793103,0.597249508840864,0.542857142857143,0.568755846585594,12.1503919525126
