"","cluster","samples","dead","live_weight","dead_weight","ratio","precision","recall","final_score","rscore"
"1","1",31,1,48.1730769230769,0.432325886990802,0.032258064516129,0.020336331638639,0.0285714285714286,0.0237605665981266,0.013945996354542
"2","3",182,15,297.158653846154,28.796320630749,0.0824175824175824,0.0480524881023888,0.428571428571429,0.0864158207425667,2.37332312890789
"3","2",26,19,2.72435897435897,11.3521681997372,0.730769230769231,0.874594275597521,0.542857142857143,0.669906204090858,8.29581522288487
