"","cluster","samples","dead","live_weight","dead_weight","ratio","precision","recall","final_score","rscore"
"1","2",41,4,60.7355769230769,3.06044678055191,0.0975609756097561,0.0617898254734497,0.114285714285714,0.0802120993010364,0.298580173712381
"2","3",100,13,171.30608974359,17.2325886990802,0.13,0.0705348370099211,0.371428571428571,0.118555759351685,2.24023653088042
"3","1",98,18,116.014423076923,20.2877792378449,0.183673469387755,0.134313901345291,0.514285714285714,0.212999573318162,3.72632679878785
