"","cluster","samples","dead","live_weight","dead_weight","ratio","precision","recall","final_score","rscore"
"1","3",150,9,242.907051282051,11.8699080157687,0.06,0.0357274635791081,0.257142857142857,0.0627380885885047,0.712194480946123
"2","2",60,6,90.5849358974359,11.6806833114323,0.1,0.062121488659178,0.171428571428571,0.0911958494196738,1.16806833114323
"3","1",29,20,14.5641025641026,17.030223390276,0.689655172413793,0.578635014836795,0.571428571428571,0.575009214891264,11.7449816484662
