"","samples","dead","live_weight","dead_weight","ratio","final_score","rscore"
"cl2",203,17,375.492293744334,31.8611859838275,0.083743842364532,-358.492293744334,2.66817813657669
"cl3",37,0.01,74.0181323662738,0.01,0.00027027027027027,-74.0081323662738,2.7027027027027e-06
"cl1",27,21,3.02991840435177,14.8450134770889,0.777777777777778,17.9700815956482,11.5461215932914
