"","cluster","samples","dead","live_weight","dead_weight","ratio","precision","recall","final_score","rscore"
"1","1",40,1,65.1057692307692,0.646517739816032,0.025,0.0151272727272727,0.0285714285714286,0.0197812648597242,0.0161629434954008
"2","2",156,18,249.3125,28.934296977661,0.115384615384615,0.0673369184007482,0.514285714285714,0.119082075666736,3.33857272819165
"3","3",43,16,33.6378205128205,11,0.372093023255814,0.322334861496739,0.457142857142857,0.378081569280872,4.09302325581395
