"","cluster","samples","dead","live_weight","dead_weight","ratio","precision","recall","final_score","rscore"
"1","1",83,8,139.129807692308,8.77792378449409,0.0963855421686747,0.0543737542071039,0.228571428571429,0.0878494311432569,0.846064943083767
"2","2",130,10,202.435897435897,13.0381077529566,0.0769230769230769,0.0470730235365118,0.285714285714286,0.0808290155440415,1.00293136561205
"3","3",26,17,6.49038461538462,18.7647831800263,0.653846153846154,0.723700368399509,0.485714285714286,0.581292125595923,12.2692813100172
