"","samples","dead","live_weight","dead_weight","ratio","final_score","rscore"
"cl3",52,0.01,101.602901178604,0.01,0.000192307692307692,-101.592901178604,1.92307692307692e-06
"cl2",193,20,349.142339075249,34.6536388140162,0.103626943005181,-329.142339075249,3.59105065430219
"cl1",22,18,1.79510426110607,12.0525606469003,0.818181818181818,16.2048957388939,9.86118598382749
