"","cluster","samples","dead","live_weight","dead_weight","ratio","precision","recall","final_score","rscore"
"1","3",58,1,86.5304487179487,1.49277266754271,0.0172413793103448,0.0114245958366136,0.0263157894736842,0.0159323894754312,0.0257374597852191
"2","1",179,14,307.410256410256,29.4480946123522,0.0782122905027933,0.043558037495014,0.368421052631579,0.0779054005850039,2.30320293057503
"3","2",30,23,3.27564102564103,15.0893561103811,0.766666666666667,0.875335447670163,0.605263157894737,0.715667697217513,11.5685063512922
