"","cluster","samples","dead","live_weight","dead_weight","ratio","precision","recall","final_score","rscore"
"1","3",51,1,77.2628205128205,1.49277266754271,0.0196078431372549,0.0127774592513719,0.0285714285714286,0.0176580451638463,0.029270052304759
"2","1",161,13,268.115384615385,27.1208935611038,0.0807453416149068,0.046244356273088,0.371428571428571,0.0822484487163889,2.18988581549285
"3","2",27,21,2.67788461538462,11.9671484888305,0.777777777777778,0.886903553299492,0.6,0.715772224498156,9.30778215797927
