"","cluster","samples","dead","live_weight","dead_weight","ratio","precision","recall","final_score","rscore"
"1","3",7,0.01,9.2676282051282,0.01,0.00142857142857143,0.00107786168823542,0.00333333333333333,0.00162897912087338,1.42857142857143e-05
"2","1",18,1,39.2948717948718,2.32720105124836,0.0555555555555556,0.0248170537702832,0.333333333333333,0.0461948474977791,0.129288947291575
"3","2",3,2,0.59775641025641,3.12220762155059,0.666666666666667,0.769895126465145,0.666666666666667,0.714572001145148,2.08147174770039
