"","samples","dead","live_weight","dead_weight","ratio","final_score","rscore"
"cl3",54,5,94.4170444242974,9.6832884097035,0.0925925925925926,-89.4170444242974,0.89660077867625
"cl2",185,13,354.980961015413,23.9487870619946,0.0702702702702703,-341.980961015413,1.68288773949151
"cl1",28,20,3.14233907524932,13.0741239892183,0.714285714285714,16.8576609247507,9.33865999229881
