"","cluster","samples","dead","live_weight","dead_weight","ratio","precision","recall","final_score","rscore"
"1","3",90,9,160.394230769231,12.8318002628121,0.1,0.053130498949878,0.257142857142857,0.0880651079644352,1.28318002628121
"2","2",49,6,76.8060897435898,7.37319316688568,0.122448979591837,0.0724584389696348,0.171428571428571,0.101862306321503,0.902839979618654
"3","1",100,20,110.855769230769,20.3758212877792,0.2,0.152840032331545,0.571428571428571,0.2411734013566,4.07516425755585
