"","cluster","samples","dead","live_weight","dead_weight","ratio","precision","recall","final_score","rscore"
"1","1",53,4,81.7115384615385,9.21813403416557,0.0754716981132075,0.0466681624411039,0.114285714285714,0.0662736976262546,0.695708228993628
"2","3",160,13,260.477564102564,20.5295663600526,0.08125,0.0475358921769704,0.371428571428571,0.0842848979167749,1.66802726675427
"3","2",26,18,5.86698717948718,10.8331143232589,0.692307692307692,0.754179816020949,0.514285714285714,0.611548199166962,7.49984837764076
