"cl1","KIRP","cl3","KIRP","cl1_cl2_inner","cl3_inner"
1.74514443582663e-13,5.74145269548897e-05,2.85717320800512e-15,5.10688758458174e-05,1.04052928958773e-13,1.92560987788041e-15
138,16,113,16,139,113
