"","samples","dead","live_weight","dead_weight","ratio","final_score","rscore"
"cl3",31,1,62.2737987307344,0.443396226415094,0.032258064516129,-61.2737987307344,0.0143031040779063
"cl2",210,17,387.394378966455,31.9501347708895,0.080952380952381,-370.394378966455,2.58643948145296
"cl1",26,20,2.87216681776972,14.3126684636119,0.769230769230769,17.1278331822303,11.0097449720091
