"","samples","dead","live_weight","dead_weight","ratio","final_score","rscore"
"cl2",159,15,302.848594741614,30.7614555256065,0.0943396226415094,-287.848594741614,2.90202410618929
"cl3",78,1,145.263825929284,0.443396226415094,0.0128205128205128,-144.263825929284,0.00568456700532172
"cl1",30,22,4.42792384406165,15.5013477088949,0.733333333333333,17.5720761559384,11.3676549865229
