"","cluster","samples","dead","live_weight","dead_weight","ratio","precision","recall","final_score","rscore"
"1","1",66,0.01,104.323717948718,0.01,0.000151515151515152,9.58462920387366e-05,0.000285714285714286,0.000143540273628247,1.51515151515152e-06
"2","3",149,17,241.054487179487,29.5676741130092,0.114093959731544,0.0658775601455666,0.485714285714286,0.116019380311266,3.37349301960508
"3","2",24,18,2.67788461538462,11.0131406044678,0.75,0.870495233666589,0.514285714285714,0.646576288748813,8.25985545335085
