"","cluster","samples","dead","live_weight","dead_weight","ratio","precision","recall","final_score","rscore"
"1","2",174,15,278.666666666667,18.7687253613666,0.0862068965517241,0.0510783200908059,0.428571428571429,0.0912778904665314,1.61799356563505
"2","1",36,8,41.0769230769231,7.23521681997372,0.222222222222222,0.163009404388715,0.228571428571429,0.190301921317475,1.60782595999416
"3","3",29,12,28.3125,14.5768725361367,0.413793103448276,0.297674418604651,0.342857142857143,0.318672199170125,6.03180932529793
