"","cluster","samples","dead","live_weight","dead_weight","ratio","precision","recall","final_score","rscore"
"1","2",94,4,174.714743589744,7.53482260183968,0.0425531914893617,0.0223820369805771,0.114285714285714,0.037433074881147,0.320630749014455
"2","3",119,11,168.466346153846,16.8896189224704,0.092436974789916,0.0612928286318948,0.314285714285714,0.102580196821269,1.56122527854769
"3","1",26,20,4.875,16.1563731931669,0.769230769230769,0.804020100502513,0.571428571428571,0.668058455114822,12.4279793793591
