"","cluster","samples","dead","live_weight","dead_weight","ratio","precision","recall","final_score","rscore"
"1","1",99,2,155.291666666667,2.20367936925099,0.0202020202020202,0.0127152317880795,0.0571428571428571,0.0208017334777898,0.0445187751363835
"2","2",109,11,187.176282051282,14.2522996057819,0.100917431192661,0.0555061376979185,0.314285714285714,0.0943492185674424,1.43830546480367
"3","3",31,22,5.58814102564103,24.1248357424442,0.709677419354839,0.797444089456869,0.628571428571429,0.703008577646908,17.1208511720571
