"","cluster","samples","dead","live_weight","dead_weight","ratio","precision","recall","final_score","rscore"
"1","3",132,8,224.025641025641,19.8725361366623,0.0606060606060606,0.0344789479500497,0.228571428571429,0.0599193393508738,1.20439612949468
"2","1",77,6,117.80608974359,8.74113009198423,0.0779220779220779,0.0484628826613164,0.171428571428571,0.0755638528684596,0.681127020154615
"3","2",30,21,6.22435897435897,11.9671484888305,0.7,0.771368024487874,0.6,0.674976820850932,8.37700394218134
