"","samples","dead","live_weight","dead_weight","ratio","final_score","rscore"
"cl3",31,0.01,58.7941976427924,0.01,0.00032258064516129,-58.7841976427924,3.2258064516129e-06
"cl2",211,18,391.138712601995,32.2088948787062,0.0853080568720379,-373.138712601995,2.74767823609816
"cl1",25,20,2.60743427017226,14.4973045822102,0.8,17.3925657298277,11.5978436657682
