"","cluster","samples","dead","live_weight","dead_weight","ratio","precision","recall","final_score","rscore"
"1","3",154,11,250.552884615385,13.5545335085414,0.0714285714285714,0.0420565042368987,0.314285714285714,0.0741857562051132,0.968180964895814
"2","1",63,11,85.8092948717949,17.7017082785808,0.174603174603175,0.113625453160953,0.314285714285714,0.166907804350205,3.09077446133951
"3","2",22,13,11.6939102564103,9.3245729303548,0.590909090909091,0.526445583749757,0.371428571428571,0.43555531692126,5.50997491339147
