"","samples","dead","live_weight","dead_weight","ratio","final_score","rscore"
"cl3",45,0.01,101.871260199456,0.01,0.000222222222222222,-101.861260199456,2.22222222222222e-06
"cl2",195,17,347.796917497733,31.122641509434,0.0871794871794872,-330.796917497733,2.71325592646347
"cl1",27,21,2.87216681776972,15.5835579514825,0.777777777777778,18.1278331822303,12.1205450733753
