"","cluster","samples","dead","live_weight","dead_weight","ratio","precision","recall","final_score","rscore"
"1","1",150,7,245.971153846154,10.5781865965834,0.0466666666666667,0.0276711391539017,0.2,0.0486159805001836,0.493648707840561
"2","3",58,6,92.4503205128205,11.6806833114323,0.103448275862069,0.0609444435401169,0.171428571428571,0.089921102878484,1.20834654945852
"3","2",31,22,9.63461538461539,18.3219448094612,0.709677419354839,0.695440729483283,0.628571428571429,0.66031746031746,13.0026705099402
