"","cluster","samples","dead","live_weight","dead_weight","ratio","precision","recall","final_score","rscore"
"1","3",115,5,214.133012820513,9.87779237844941,0.0434782608695652,0.0228171918764946,0.142857142857143,0.0393494725026643,0.429469233845626
"2","2",90,13,117.899038461538,9.80683311432326,0.144444444444444,0.0993131817680978,0.371428571428571,0.156721824557336,1.4165425609578
"3","1",34,17,16.0240384615385,20.8961892247043,0.5,0.514776532246324,0.485714285714286,0.499823309067779,10.4480946123522
