"","cluster","samples","dead","live_weight","dead_weight","ratio","precision","recall","final_score","rscore"
"1","2",130,9,208.094551282051,12.3626806833114,0.0692307692307692,0.0414565909040578,0.257142857142857,0.071401781230333,0.855877893460022
"2","1",79,14,113.301282051282,15.4270696452037,0.177215189873418,0.109975326048643,0.4,0.172518661874482,2.73391107636521
"3","3",30,12,26.6602564102564,12.7910643889619,0.4,0.310396285856409,0.342857142857143,0.325820207118615,5.11642575558476
