"","cluster","samples","dead","live_weight","dead_weight","ratio","precision","recall","final_score","rscore"
"1","1",49,2,64.448717948718,1.12352168199737,0.0408163265306122,0.0300983986108431,0.0571428571428571,0.0394287880702641,0.0458580278366274
"2","2",159,21,261.496794871795,27.1524310118265,0.132075471698113,0.0743371265841455,0.6,0.132284799967696,3.58617013363747
"3","3",31,12,22.1105769230769,12.3048620236531,0.387096774193548,0.351797040169133,0.342857142857143,0.347269565217391,4.76317239625281
