"","samples","dead","live_weight","dead_weight","ratio","final_score","rscore"
"cl2",206,21,360.698096101541,36.9622641509434,0.101941747572816,-339.698096101541,3.7679978017952
"cl3",39,1,90.6455122393472,0.804582210242588,0.0256410256410256,-89.6455122393472,0.0206303130831433
"cl1",22,16,1.19673617407072,8.93935309973046,0.727272727272727,14.8032638259293,6.50134770889488
