"","samples","dead","live_weight","dead_weight","ratio","final_score","rscore"
"cl2",181,16,342.667271078876,30.4191374663073,0.0883977900552486,-326.667271078876,2.68898452740838
"cl3",59,2,107.000906618314,1.9743935309973,0.0338983050847458,-105.000906618314,0.0669285942710951
"cl1",27,20,2.87216681776972,14.3126684636119,0.740740740740741,17.1278331822303,10.6019766397125
