"","samples","dead","live_weight","dead_weight","ratio","final_score","rscore"
"cl2",204,21,369.77878513146,35.9541778975741,0.102941176470588,-348.77878513146,3.7011653718091
"cl3",41,0.01,80.9664551223935,0.01,0.00024390243902439,-80.9564551223935,2.4390243902439e-06
"cl1",22,17,1.79510426110607,10.7520215633423,0.772727272727273,15.2048957388939,8.30838029894634
