"","samples","dead","live_weight","dead_weight","ratio","final_score","rscore"
"cl2",215,23,386.707162284678,34.1132075471698,0.106976744186047,-363.707162284678,3.6493198771391
"cl3",42,9,65.2239347234814,8.40700808625337,0.214285714285714,-56.2239347234814,1.80150173276858
"cl1",10,6,0.609247506799637,4.18598382749326,0.6,5.39075249320036,2.51159029649596
