"","samples","dead","live_weight","dead_weight","ratio","final_score","rscore"
"cl2",181,16,335.735267452403,31.2048517520216,0.0883977900552486,-319.735267452403,2.75843993388036
"cl3",58,0.01,113.775158658205,0.01,0.000172413793103448,-113.765158658205,1.72413793103448e-06
"cl1",28,22,3.02991840435177,15.5013477088949,0.785714285714286,18.9700815956482,12.1796303427031
