"","cluster","samples","dead","live_weight","dead_weight","ratio","precision","recall","final_score","rscore"
"1","3",92,8,155.552884615385,10.3074901445466,0.0869565217391304,0.0489138422646168,0.228571428571429,0.0805830649652534,0.896303490830143
"2","1",123,12,183.216346153846,21.9750328515112,0.0975609756097561,0.0614702622829701,0.342857142857143,0.104249765062128,2.14390564404987
"3","2",24,15,9.28685897435897,8.29829172141918,0.625,0.617617947871989,0.428571428571429,0.506014326260305,5.18643232588699
