"","cluster","samples","dead","live_weight","dead_weight","ratio","precision","recall","final_score","rscore"
"1","1",24,0.01,51.3205128205128,0.01,0.000416666666666667,0.000194815898975468,0.000285714285714286,0.000231667800254835,4.16666666666667e-06
"2","3",188,16,292.961538461538,29.107752956636,0.0851063829787234,0.0517863811776422,0.457142857142857,0.0930336576093034,2.47725557077753
"3","2",27,19,3.77403846153846,11.473061760841,0.703703703703704,0.834283301667722,0.542857142857143,0.65773487559291,8.07363605392515
