"","cluster","samples","dead","live_weight","dead_weight","ratio","precision","recall","final_score","rscore"
"1","1",119,4,206.362179487179,4.96583442838371,0.0336134453781513,0.0190148248594457,0.114285714285714,0.0326048619910389,0.166918804315419
"2","2",92,11,135.221153846154,24.1366622864652,0.119565217391304,0.0752285131847176,0.314285714285714,0.12139863108187,2.88590527338171
"3","3",28,20,6.47275641025641,11.4783180026281,0.714285714285714,0.755493673951208,0.571428571428571,0.65069475220939,8.1987985733058
