"","cluster","samples","dead","live_weight","dead_weight","ratio","precision","recall","final_score","rscore"
"1","3",129,6,213.653846153846,5.78843626806833,0.0465116279069767,0.0273157065312555,0.171428571428571,0.0471227911191663,0.269229593863643
"2","1",82,10,128.395833333333,23.4402102496715,0.121951219512195,0.072256510612675,0.285714285714286,0.115343025351436,2.85856222556969
"3","2",28,19,6.00641025641026,11.3521681997372,0.678571428571429,0.759805178159446,0.542857142857143,0.633265676743938,7.70325699267881
