"","cluster","samples","dead","live_weight","dead_weight","ratio","precision","recall","final_score","rscore"
"1","2",184,16,281.258012820513,16.2076215505913,0.0869565217391304,0.0538252942222989,0.457142857142857,0.0963106945965108,1.40935839570359
"2","1",21,4,23.4599358974359,9.54664914586071,0.19047619047619,0.14566676393347,0.114285714285714,0.128082103912765,1.81840936111633
"3","3",34,15,43.338141025641,14.826544021025,0.441176470588235,0.257121665796775,0.428571428571429,0.32141201517779,6.5411223622169
