"","samples","dead","live_weight","dead_weight","ratio","final_score","rscore"
"cl2",198,14,371.99274705349,22.9231805929919,0.0707070707070707,-357.99274705349,1.62083095101963
"cl3",44,9,66.6400725294651,11.5741239892183,0.204545454545455,-57.6400725294651,2.36743445234011
"cl1",25,15,13.9075249320036,12.2088948787062,0.6,1.09247506799637,7.32533692722372
