"","cluster","samples","dead","live_weight","dead_weight","ratio","precision","recall","final_score","rscore"
"1","1",2,1,0.86698717948718,0.784494086727989,0.5,0.535622317596567,0.0285714285714286,0.0542490762877635,0.392247043363995
"2","2",183,15,283.035256410256,24.9395532194481,0.0819672131147541,0.0503296159678235,0.428571428571429,0.0900805528020249,2.04422567372525
"3","3",54,19,64.1538461538462,14.8567674113009,0.351851851851852,0.228492136910268,0.542857142857143,0.321614583333333,5.22738112619847
