"","cluster","samples","dead","live_weight","dead_weight","ratio","precision","recall","final_score","rscore"
"1","1",55,4,94.4711538461539,1.9526938239159,0.0727272727272727,0.0406210331022361,0.114285714285714,0.0599380448094518,0.142014096284793
"2","3",139,21,200.405448717949,26.1839684625493,0.151079136690647,0.0948486142576923,0.6,0.163803071307587,3.95585135045709
"3","2",45,10,53.1794871794872,12.4441524310118,0.222222222222222,0.158279220779221,0.285714285714286,0.203708540088796,2.76536720689152
