"","cluster","samples","dead","live_weight","dead_weight","ratio","precision","recall","final_score","rscore"
"1","1",8,1,14.6634615384615,0.316688567674113,0.125,0.0638428483732351,0.0285714285714286,0.0394761814386032,0.0395860709592641
"2","3",191,19,297.032051282051,26.7910643889619,0.0994764397905759,0.0601204843715138,0.542857142857143,0.108252223297602,2.66507970361401
"3","2",40,15,36.3605769230769,13.473061760841,0.375,0.292052794158944,0.428571428571429,0.347380727050047,5.05239816031537
