"","samples","dead","live_weight","dead_weight","ratio","final_score","rscore"
"cl2",171,16,317.504986400725,30.4191374663073,0.0935672514619883,-301.504986400725,2.84623508456676
"cl3",71,3,132.587488667271,2.77897574123989,0.0422535211267606,-129.587488667271,0.117421510193235
"cl1",25,19,2.44786944696283,13.5080862533693,0.76,16.5521305530372,10.2661455525606
