"","cluster","samples","dead","live_weight","dead_weight","ratio","precision","recall","final_score","rscore"
"1","1",123,3,203.371794871795,3.05781865965834,0.024390243902439,0.0145368702242654,0.0857142857142857,0.024857916821586,0.0745809429184962
"2","2",89,10,141.889423076923,14.557161629435,0.112359550561798,0.065837369037445,0.285714285714286,0.107015151904921,1.63563613813876
"3","3",27,22,2.79487179487179,22.9658344283837,0.814814814814815,0.887280248190279,0.628571428571429,0.735849056603774,18.7129021268312
