"","cluster","samples","dead","live_weight","dead_weight","ratio","precision","recall","final_score","rscore"
"1","3",83,6,138.179487179487,11.6806833114323,0.072289156626506,0.0416147963720434,0.171428571428571,0.066971951917573,0.844386745404746
"2","1",132,11,204.298076923077,16.0473061760841,0.0833333333333333,0.0510919565897012,0.314285714285714,0.0878952018746879,1.33727551467367
"3","2",24,18,5.57852564102564,12.8528252299606,0.75,0.763406511248556,0.514285714285714,0.614559680463984,9.63961892247043
