"","cluster","samples","dead","live_weight","dead_weight","ratio","precision","recall","final_score","rscore"
"1","2",137,6,224.230769230769,7.83311432325887,0.0437956204379562,0.026060808553291,0.171428571428571,0.0452436194895592,0.343056101748564
"2","1",70,11,109.30608974359,12.9605781865966,0.157142857142857,0.0914334430072864,0.314285714285714,0.141655745993747,2.03666228646518
"3","3",32,18,14.5192307692308,19.7871222076216,0.5625,0.553518628030751,0.514285714285714,0.533181429792082,11.1302562417871
