"","cluster","samples","dead","live_weight","dead_weight","ratio","precision","recall","final_score","rscore"
"1","2",61,4,91.9823717948718,4.95795006570302,0.0655737704918033,0.0416743192025779,0.114285714285714,0.0610769211946215,0.325111479718231
"2","1",118,12,186.516025641026,13.6136662286465,0.101694915254237,0.0604485202705975,0.342857142857143,0.102776672111122,1.38444063342168
"3","3",60,19,69.5576923076923,22.0091984231275,0.316666666666667,0.214549402823018,0.542857142857143,0.307548638132296,6.96957950065703
