"","cluster","samples","dead","live_weight","dead_weight","ratio","precision","recall","final_score","rscore"
"1","2",39,4,58.7932692307692,2.28120893561104,0.102564102564103,0.0637010948625679,0.114285714285714,0.0818052209822526,0.233970147242158
"2","3",152,20,241.282051282051,28.365308804205,0.131578947368421,0.0765456329735034,0.571428571428571,0.135006490696668,3.7322774742375
"3","1",48,11,47.9807692307692,9.93429697766097,0.229166666666667,0.186501467231823,0.314285714285714,0.234090444035195,2.27660972404731
