"","cluster","samples","dead","live_weight","dead_weight","ratio","precision","recall","final_score","rscore"
"1","1",97,9,155.677884615385,9.11169513797635,0.0927835051546392,0.0546521472571746,0.257142857142857,0.090145185755905,0.845415012801929
"2","2",115,13,181.102564102564,13.3377135348226,0.11304347826087,0.0669749009247028,0.371428571428571,0.113486289871293,1.50774153002342
"3","3",27,13,11.275641025641,18.1314060446781,0.481481481481481,0.535516239767626,0.371428571428571,0.438628744457662,8.72993624373388
