"","cluster","samples","dead","live_weight","dead_weight","ratio","precision","recall","final_score","rscore"
"1","1",62,4,94.0929487179487,9.21813403416557,0.0645161290322581,0.0407776507106682,0.105263157894737,0.0587833541367372,0.594718324784876
"2","3",177,14,297.25641025641,22.8567674113009,0.0790960451977401,0.0449789933272922,0.368421052631579,0.0801703252330959,1.80787990823849
"3","2",28,20,5.86698717948718,13.9553219448095,0.714285714285714,0.77318629576854,0.526315789473684,0.626301658595338,9.96808710343533
