"","cluster","samples","dead","live_weight","dead_weight","ratio","precision","recall","final_score","rscore"
"1","1",9,0.01,12.3814102564103,0.01,0.00111111111111111,0.000807010646332757,0.00333333333333333,0.00129942608681166,1.11111111111111e-05
"2","3",17,1,36.7788461538462,2.32720105124836,0.0588235294117647,0.0264698396538559,0.333333333333333,0.049045036547984,0.136894179485197
"3","2",2,2,0,3.12220762155059,1,1,0.666666666666667,0.8,3.12220762155059
