"","cluster","samples","dead","live_weight","dead_weight","ratio","precision","recall","final_score","rscore"
"1","2",168,14,268.418269230769,17.323258869908,0.0833333333333333,0.049571863881654,0.4,0.0882116838071581,1.44360490582567
"2","1",38,6,62.1233974358974,5.29303547963206,0.157894736842105,0.0880754663718271,0.171428571428571,0.116365444684455,0.835742444152431
"3","3",33,15,17.5144230769231,17.9645203679369,0.454545454545455,0.461333727635665,0.428571428571429,0.444349497970519,8.16569107633497
