"","samples","dead","live_weight","dead_weight","ratio","final_score","rscore"
"cl3",34,0.01,68.3699002719855,0.01,0.000294117647058824,-68.3599002719855,2.94117647058824e-06
"cl2",207,18,381.298277425204,32.3935309973046,0.0869565217391304,-363.298277425204,2.81682878237431
"cl1",26,20,2.87216681776972,14.3126684636119,0.769230769230769,17.1278331822303,11.0097449720091
