"","avg_age","avg_Aneuploidy_Score","avg_Buffa.Hypoxia.Score","avg_Mutation.Count","avg_Fraction.Genome.Altered","Cancer.Metastasis.Stage_mx","Cancer.Metastasis.Stage_m0","Cancer.Metastasis.Stage_m1","Neoplasm.Disease.Lymph.Node.Stage_nx","Neoplasm.Disease.Lymph.Node.Stage_n0","Neoplasm.Disease.Lymph.Node.Stage_n1","Neoplasm.Disease.Lymph.Node.Stage_n2","Tumor.Stage_t1","Tumor.Stage_t1a","Tumor.Stage_t1b","Tumor.Stage_t2","Tumor.Stage_t2a","Tumor.Stage_t2b","Tumor.Stage_t3","Tumor.Stage_t3a","Tumor.Stage_t3b","Radiation.Therapy_yes.over.no","avg_Ragnum.Hypoxia.Score","Sex_male_over_female"
"dead",66.6315789473684,9.61111111111111,-1.73684210526316,68.8235294117647,0.243878947368421,0.684210526315789,0.157894736842105,0.157894736842105,0.473684210526316,0.210526315789474,0.263157894736842,0.0526315789473684,0.0526315789473684,0.105263157894737,0.157894736842105,0.263157894736842,0.105263157894737,0,0.0526315789473684,0.210526315789474,0.0526315789473684,0.0555555555555556,-5.15789473684211,3.75
"normal",64.3333333333333,6,-14.3333333333333,63.3333333333333,0.114833333333333,0.666666666666667,0.333333333333333,0,0.666666666666667,0.333333333333333,0,0,0,0.333333333333333,0,0,0.333333333333333,0,0,0.333333333333333,0,0,-12.6666666666667,2
"cl1",62.2727272727273,10.1818181818182,5.90909090909091,59.3,0.283327272727273,0.636363636363636,0.181818181818182,0.181818181818182,0.181818181818182,0.363636363636364,0.363636363636364,0.0909090909090909,0.0909090909090909,0,0.0909090909090909,0.0909090909090909,0.181818181818182,0.0909090909090909,0,0.363636363636364,0.0909090909090909,0,1.27272727272727,1.75
"cl2",64.0860215053764,8.83695652173913,-10.247311827957,71.1136363636364,0.200738709677419,0.774193548387097,0.193548387096774,0.010752688172043,0.849462365591398,0.0967741935483871,0.043010752688172,0.010752688172043,0.118279569892473,0.387096774193548,0.258064516129032,0.0967741935483871,0.032258064516129,0,0.021505376344086,0.0860215053763441,0,0.0119047619047619,-12.752688172043,3.42857142857143
"cl3",60.7777777777778,5.38461538461539,-8.85185185185185,48.32,0.145388888888889,0.777777777777778,0.185185185185185,0,0.777777777777778,0.185185185185185,0.037037037037037,0,0.037037037037037,0.555555555555556,0.148148148148148,0,0,0.0740740740740741,0,0.185185185185185,0,0,-13.037037037037,1.7
