"","samples","dead","live_weight","dead_weight","ratio","final_score","rscore"
"cl2",176,15,330.435176790571,30.7614555256065,0.0852272727272727,-315.435176790571,2.62171495956873
"cl3",64,1,119.497733454216,0.443396226415094,0.015625,-118.497733454216,0.00692806603773585
"cl1",27,22,2.60743427017226,15.5013477088949,0.814814814814815,19.3925657298277,12.6307277628032
